{
  "generated_at": "2025-12-19T13:15:12.894278",
  "next_prediction": {
    "mood_cluster_id": 3,
    "mood_label": "Medium energy, negative",
    "confidence": 0.6402003169059753,
    "genre_family": null
  },
  "session_probs": {
    "0": 0.0017172227380797267,
    "1": 0.005670835729688406,
    "2": 0.005670835729688406,
    "3": 0.005670835729688406,
    "4": 0.005670835729688406,
    "5": 0.006615938153117895,
    "6": 0.006615938153117895,
    "7": 0.006615938153117895,
    "8": 0.006615938153117895,
    "9": 0.006615938153117895,
    "10": 0.036210160702466965,
    "11": 0.10623005777597427,
    "12": 0.10623005777597427,
    "13": 0.03460830822587013,
    "14": 0.011204942129552364,
    "15": 0.0020047437865287066,
    "16": 0.0027588459197431803,
    "17": 0.020554592832922935,
    "18": 0.020554592832922935,
    "19": 0.020554592832922935,
    "20": 0.0023634296376258135,
    "21": 0.0017172227380797267,
    "22": 0.0017172227380797267,
    "23": 0.0017172227380797267
  },
  "mood_clusters": [
    {
      "cluster_id": 0,
      "label": "Medium energy, neutral, acoustic",
      "centroid": {
        "valence": 0.40332222222222225,
        "energy": 0.4186666666666667,
        "danceability": 0.4658888888888889,
        "acousticness": 0.6716666666666666,
        "instrumentalness": 0.04985314222222222,
        "tempo_norm": 0.46960311111111114
      }
    },
    {
      "cluster_id": 1,
      "label": "High energy, positive",
      "centroid": {
        "valence": 0.7288421052631578,
        "energy": 0.7547368421052632,
        "danceability": 0.6126315789473684,
        "acousticness": 0.11061263157894737,
        "instrumentalness": 0.014725631578947365,
        "tempo_norm": 0.47708884210526314
      }
    },
    {
      "cluster_id": 2,
      "label": "Medium energy, neutral",
      "centroid": {
        "valence": 0.5273333333333333,
        "energy": 0.5660000000000001,
        "danceability": 0.5660000000000001,
        "acousticness": 0.21633333333333335,
        "instrumentalness": 0.8906666666666667,
        "tempo_norm": 0.42500666666666664
      }
    },
    {
      "cluster_id": 3,
      "label": "Medium energy, negative",
      "centroid": {
        "valence": 0.20649285714285714,
        "energy": 0.5770714285714286,
        "danceability": 0.4187857142857143,
        "acousticness": 0.10806700000000001,
        "instrumentalness": 0.056714435714285714,
        "tempo_norm": 0.4553885714285714
      }
    }
  ],
  "mood_trajectory": null,
  "recently_played": [
    {
      "track_id": "0pUVeEgZuNyFzIMKp67RbS",
      "track_name": "Eyes Without A Face",
      "artist_name": "Billy Idol",
      "played_at": "2025-12-17T17:43:59.312000+00:00",
      "image_url": "https://i.scdn.co/image/ab67616d00001e02ea07dca8b4ca808c1e5b17fb",
      "mood_cluster_id": 1
    },
    {
      "track_id": "2aEuA8PSqLa17Y4hKPj5rr",
      "track_name": "Cheri Cheri Lady",
      "artist_name": "Modern Talking",
      "played_at": "2025-12-17T17:32:44.162000+00:00",
      "image_url": "https://i.scdn.co/image/ab67616d00001e02aedd9728f5cc4b13ee49e061",
      "mood_cluster_id": 1
    },
    {
      "track_id": "5e9TFTbltYBg2xThimr0rU",
      "track_name": "The Chain - 2004 Remaster",
      "artist_name": "Fleetwood Mac",
      "played_at": "2025-12-17T17:28:43.629000+00:00",
      "image_url": "https://i.scdn.co/image/ab67616d00001e02e52a59a28efa4773dd2bfe1b",
      "mood_cluster_id": 1
    },
    {
      "track_id": "7w5AOd6HrDIHewHfpABEss",
      "track_name": "Wicked Game",
      "artist_name": "Chris Isaak",
      "played_at": "2025-12-17T17:19:13.707000+00:00",
      "image_url": "https://i.scdn.co/image/ab67616d00001e02b66c23534dd78ff7d3da83b8",
      "mood_cluster_id": 0
    },
    {
      "track_id": "3oEkrIfXfSh9zGnE7eBzSV",
      "track_name": "The Winner Takes It All",
      "artist_name": "ABBA",
      "played_at": "2025-12-17T17:14:13.499000+00:00",
      "image_url": "https://i.scdn.co/image/ab67616d00001e024d08fc99eff4ed52dfce91fa",
      "mood_cluster_id": 0
    },
    {
      "track_id": "72cGBEqu7RitIOoACXYjfR",
      "track_name": "The Blonde",
      "artist_name": "TV Girl",
      "played_at": "2025-12-16T18:40:26.289000+00:00",
      "image_url": "https://i.scdn.co/image/ab67616d00001e02e1bc1af856b42dd7fdba9f84",
      "mood_cluster_id": 2
    },
    {
      "track_id": "5M4yti0QxgqJieUYaEXcpw",
      "track_name": "Eventually",
      "artist_name": "Tame Impala",
      "played_at": "2025-12-16T14:05:11.851000+00:00",
      "image_url": "https://i.scdn.co/image/ab67616d00001e029e1cfc756886ac782e363d79",
      "mood_cluster_id": 3
    },
    {
      "track_id": "4feXcsElKIVsGwkbnTHAfV",
      "track_name": "Somethin' Stupid",
      "artist_name": "Frank Sinatra, Nancy Sinatra",
      "played_at": "2025-12-16T13:49:41.493000+00:00",
      "image_url": "https://i.scdn.co/image/ab67616d00001e023e2331ff09f59ea3c87fe5d6",
      "mood_cluster_id": 0
    },
    {
      "track_id": "0JIMT9gzLIIz0esKLyjbKf",
      "track_name": "Telephones",
      "artist_name": "Vacations",
      "played_at": "2025-12-16T13:44:41.576000+00:00",
      "image_url": "https://i.scdn.co/image/ab67616d00001e022eb4d117b70ea7ac2c24e316",
      "mood_cluster_id": 3
    },
    {
      "track_id": "08wnOyN1wyMaNrup3m353f",
      "track_name": "My Tears Are Becoming a Sea",
      "artist_name": "M83",
      "played_at": "2025-12-16T13:41:11.742000+00:00",
      "image_url": "https://i.scdn.co/image/ab67616d00001e0262100064780b1d919a95fcf4",
      "mood_cluster_id": 3
    },
    {
      "track_id": "0YJ9FWWHn9EfnN0lHwbzvV",
      "track_name": "Jigsaw Falling Into Place",
      "artist_name": "Radiohead",
      "played_at": "2025-12-16T13:36:41.361000+00:00",
      "image_url": "https://i.scdn.co/image/ab67616d00001e02de3c04b5fc750b68899b20a9",
      "mood_cluster_id": 1
    },
    {
      "track_id": "2X485T9Z5Ly0xyaghN73ed",
      "track_name": "Let It Happen",
      "artist_name": "Tame Impala",
      "played_at": "2025-12-16T13:30:13.129000+00:00",
      "image_url": "https://i.scdn.co/image/ab67616d00001e029e1cfc756886ac782e363d79",
      "mood_cluster_id": 1
    },
    {
      "track_id": "0hta2Lb2zKJ7kEnAEZEE3G",
      "track_name": "Nope your too late i already died",
      "artist_name": "wifiskeleton, i wanna be a jack-o-lantern",
      "played_at": "2025-12-16T13:21:49.984000+00:00",
      "image_url": "https://i.scdn.co/image/ab67616d00001e020713102d7bb855a4796f7cdc",
      "mood_cluster_id": 1
    },
    {
      "track_id": "2fuYa3Lx06QQJAm0MjztKr",
      "track_name": "Let Down",
      "artist_name": "Radiohead",
      "played_at": "2025-12-16T13:17:34.208000+00:00",
      "image_url": "https://i.scdn.co/image/ab67616d00001e02c8b444df094279e70d0ed856",
      "mood_cluster_id": 3
    },
    {
      "track_id": "0Sc8AsDTBeZFWg8K9tMARE",
      "track_name": "My Way Of Life",
      "artist_name": "Frank Sinatra",
      "played_at": "2025-12-16T13:12:12.116000+00:00",
      "image_url": "https://i.scdn.co/image/ab67616d00001e02a0209db6a0a102cae469d4f9",
      "mood_cluster_id": 0
    },
    {
      "track_id": "73SpzrcaHk0RQPFP73vqVR",
      "track_name": "No Time To Die",
      "artist_name": "Billie Eilish",
      "played_at": "2025-12-14T12:58:17.582000+00:00",
      "image_url": "https://i.scdn.co/image/ab67616d00001e02f7b7174bef6f3fbfda3a0bb7",
      "mood_cluster_id": 0
    },
    {
      "track_id": "6d67Xv8ms2noA8wWFLiPDN",
      "track_name": "Twilight",
      "artist_name": "b\u00f4a",
      "played_at": "2025-12-14T11:55:30.680000+00:00",
      "image_url": "https://i.scdn.co/image/ab67616d00001e026173e498401502583046f42c",
      "mood_cluster_id": 3
    },
    {
      "track_id": "5HtNvKihacAXt34DDYYxBC",
      "track_name": "Man of War",
      "artist_name": "Radiohead",
      "played_at": "2025-12-14T11:51:28.075000+00:00",
      "image_url": "https://i.scdn.co/image/ab67616d00001e02ee58b8ce747da91d69a862cc",