{
  "optimal_k": 3,
  "clusters": [
    {
      "cluster_id": 0,
      "label": "Medium energy, negative, acoustic",
      "centroid": {
        "valence": 0.23879404761904757,
        "energy": 0.41023928571428575,
        "danceability": 0.4714404761904762,
        "acousticness": 0.5139535714285713,
        "instrumentalness": 0.06791316071428576,
        "tempo_norm": 0.4517654285714286
      }
    },
    {
      "cluster_id": 1,
      "label": "High energy, neutral",
      "centroid": {
        "valence": 0.5156040000000001,
        "energy": 0.71848,
        "danceability": 0.6034066666666666,
        "acousticness": 0.08394970353333334,
        "instrumentalness": 0.016628411999999926,
        "tempo_norm": 0.44956112
      }
    },
    {
      "cluster_id": 2,
      "label": "High energy, negative",
      "centroid": {
        "valence": 0.3464181818181818,
        "energy": 0.7280606060606061,
        "danceability": 0.5431212121212121,
        "acousticness": 0.15516063939393937,
        "instrumentalness": 0.7320303030303033,
        "tempo_norm": 0.5030564848484849
      }
    }
  ]
}