{
  "optimal_k": 4,
  "clusters": [
    {
      "cluster_id": 0,
      "label": "High energy, negative",
      "centroid": {
        "valence": 0.2507142857142857,
        "energy": 0.7175714285714285,
        "danceability": 0.5087142857142857,
        "acousticness": 0.224,
        "instrumentalness": 0.7951428571428572,
        "tempo_norm": 0.5036994285714286
      }
    },
    {
      "cluster_id": 1,
      "label": "High energy, positive",
      "centroid": {
        "valence": 0.6825172413793104,
        "energy": 0.7292758620689654,
        "danceability": 0.6912413793103448,
        "acousticness": 0.09804275862068962,
        "instrumentalness": 0.01670937413793104,
        "tempo_norm": 0.45210537931034483
      }
    },
    {
      "cluster_id": 2,
      "label": "Medium energy, negative, acoustic",
      "centroid": {
        "valence": 0.327875,
        "energy": 0.459625,
        "danceability": 0.551,
        "acousticness": 0.6676249999999999,
        "instrumentalness": 0.001708925000000014,
        "tempo_norm": 0.4843045
      }
    },
    {
      "cluster_id": 3,
      "label": "High energy, negative",
      "centroid": {
        "valence": 0.23040000000000002,
        "energy": 0.629764705882353,
        "danceability": 0.49623529411764705,
        "acousticness": 0.15506123529411764,
        "instrumentalness": 0.03039100588235294,
        "tempo_norm": 0.4929037647058824
      }
    }
  ]
}