{
  "optimal_k": 3,
  "clusters": [
    {
      "cluster_id": 0,
      "label": "High energy, neutral",
      "centroid": {
        "valence": 0.5211610738255034,
        "energy": 0.7196174496644294,
        "danceability": 0.6033892617449664,
        "acousticness": 0.08377486932885903,
        "instrumentalness": 0.01676155570469802,
        "tempo_norm": 0.450104644295302
      }
    },
    {
      "cluster_id": 1,
      "label": "Medium energy, negative, acoustic",
      "centroid": {
        "valence": 0.24034431818181817,
        "energy": 0.41983068181818184,
        "danceability": 0.4711931818181818,
        "acousticness": 0.5051488636363636,
        "instrumentalness": 0.06486604749999997,
        "tempo_norm": 0.45152709090909093
      }
    },
    {
      "cluster_id": 2,
      "label": "High energy, negative",
      "centroid": {
        "valence": 0.3464181818181818,
        "energy": 0.7280606060606061,
        "danceability": 0.5431212121212121,
        "acousticness": 0.15516063939393937,
        "instrumentalness": 0.732030303030303,
        "tempo_norm": 0.5030564848484849
      }
    }
  ]
}