{
  "optimal_k": 3,
  "clusters": [
    {
      "cluster_id": 0,
      "label": "High energy, negative",
      "centroid": {
        "valence": 0.25367272727272727,
        "energy": 0.6913636363636364,
        "danceability": 0.49527272727272725,
        "acousticness": 0.1894510909090909,
        "instrumentalness": 0.7870909090909092,
        "tempo_norm": 0.5323494545454546
      }
    },
    {
      "cluster_id": 1,
      "label": "High energy, neutral",
      "centroid": {
        "valence": 0.5266428571428571,
        "energy": 0.7102321428571429,
        "danceability": 0.6144107142857143,
        "acousticness": 0.08968591071428575,
        "instrumentalness": 0.04456138000000001,
        "tempo_norm": 0.44565864285714285
      }
    },
    {
      "cluster_id": 2,
      "label": "Medium energy, negative",
      "centroid": {
        "valence": 0.23776666666666663,
        "energy": 0.4215128205128205,
        "danceability": 0.4765897435897436,
        "acousticness": 0.49462307692307683,
        "instrumentalness": 0.04997685641025641,
        "tempo_norm": 0.4594994871794872
      }
    }
  ]
}