{
  "optimal_k": 4,
  "clusters": [
    {
      "cluster_id": 0,
      "label": "High energy, negative",
      "centroid": {
        "valence": 0.2860714285714286,
        "energy": 0.6346428571428572,
        "danceability": 0.5737857142857143,
        "acousticness": 0.15114428571428573,
        "instrumentalness": 0.023870428571428584,
        "tempo_norm": 0.488408
      }
    },
    {
      "cluster_id": 1,
      "label": "High energy, positive",
      "centroid": {
        "valence": 0.6954090909090909,
        "energy": 0.7471363636363636,
        "danceability": 0.7094090909090909,
        "acousticness": 0.09043363636363634,
        "instrumentalness": 0.007746320454545458,
        "tempo_norm": 0.4581281818181818
      }
    },
    {
      "cluster_id": 2,
      "label": "High energy, negative",
      "centroid": {
        "valence": 0.2507142857142858,
        "energy": 0.7175714285714285,
        "danceability": 0.5087142857142858,
        "acousticness": 0.224,
        "instrumentalness": 0.7951428571428572,
        "tempo_norm": 0.5036994285714286
      }
    },
    {
      "cluster_id": 3,
      "label": "Low energy, negative, acoustic",
      "centroid": {
        "valence": 0.24500000000000002,
        "energy": 0.3516666666666667,
        "danceability": 0.589,
        "acousticness": 0.7649999999999999,
        "instrumentalness": 0.00046146666666666003,
        "tempo_norm": 0.542168
      }
    }
  ]
}