{
  "optimal_k": 3,
  "clusters": [
    {
      "cluster_id": 0,
      "label": "High energy, negative",
      "centroid": {
        "valence": 0.36165263157894734,
        "energy": 0.7096315789473684,
        "danceability": 0.5459473684210526,
        "acousticness": 0.16942371315789473,
        "instrumentalness": 0.7390000000000002,
        "tempo_norm": 0.5009472631578947
      }
    },
    {
      "cluster_id": 1,
      "label": "Medium energy, negative, acoustic",
      "centroid": {
        "valence": 0.2564880733944954,
        "energy": 0.4053495412844037,
        "danceability": 0.4789724770642202,
        "acousticness": 0.5297798165137615,
        "instrumentalness": 0.07023896587155963,
        "tempo_norm": 0.4478404770642202
      }
    },
    {
      "cluster_id": 2,
      "label": "High energy, neutral",
      "centroid": {
        "valence": 0.4938803921568628,
        "energy": 0.7074460784313725,
        "danceability": 0.5860294117647059,
        "acousticness": 0.0946780369117648,
        "instrumentalness": 0.014638152990196093,
        "tempo_norm": 0.45808103921568627
      }
    }
  ]
}