{
  "optimal_k": 3,
  "clusters": [
    {
      "cluster_id": 0,
      "label": "Medium energy, negative, acoustic",
      "centroid": {
        "valence": 0.236027380952381,
        "energy": 0.4136440476190476,
        "danceability": 0.4751666666666667,
        "acousticness": 0.5115249999999999,
        "instrumentalness": 0.06650243333333329,
        "tempo_norm": 0.45220680952380954
      }
    },
    {
      "cluster_id": 1,
      "label": "High energy, neutral",
      "centroid": {
        "valence": 0.5213716216216215,
        "energy": 0.7190135135135135,
        "danceability": 0.6042905405405405,
        "acousticness": 0.0825030779054054,
        "instrumentalness": 0.01682947162162164,
        "tempo_norm": 0.4490422162162162
      }
    },
    {
      "cluster_id": 2,
      "label": "High energy, negative",
      "centroid": {
        "valence": 0.3464181818181818,
        "energy": 0.7280606060606061,
        "danceability": 0.5431212121212121,
        "acousticness": 0.15516063939393943,
        "instrumentalness": 0.732030303030303,
        "tempo_norm": 0.5030564848484849
      }
    }
  ]
}