{
  "optimal_k": 3,
  "clusters": [
    {
      "cluster_id": 0,
      "label": "High energy, negative",
      "centroid": {
        "valence": 0.34921147540983605,
        "energy": 0.7201639344262295,
        "danceability": 0.534672131147541,
        "acousticness": 0.13415216557377047,
        "instrumentalness": 0.756360655737705,
        "tempo_norm": 0.5033762622950819
      }
    },
    {
      "cluster_id": 1,
      "label": "Medium energy, negative, acoustic",
      "centroid": {
        "valence": 0.2593297101449275,
        "energy": 0.4019297101449276,
        "danceability": 0.4825072463768116,
        "acousticness": 0.5552391304347826,
        "instrumentalness": 0.08893823028985506,
        "tempo_norm": 0.4623753043478261
      }
    },
    {
      "cluster_id": 2,
      "label": "High energy, neutral",
      "centroid": {
        "valence": 0.49426345381526104,
        "energy": 0.7099156626506025,
        "danceability": 0.5913453815261044,
        "acousticness": 0.09202518686746985,
        "instrumentalness": 0.017279575542168663,
        "tempo_norm": 0.4604006746987952
      }
    }
  ]
}