{
  "optimal_k": 3,
  "clusters": [
    {
      "cluster_id": 0,
      "label": "High energy, negative",
      "centroid": {
        "valence": 0.34921147540983605,
        "energy": 0.7201639344262295,
        "danceability": 0.534672131147541,
        "acousticness": 0.13415216557377052,
        "instrumentalness": 0.7563606557377051,
        "tempo_norm": 0.5033762622950819
      }
    },
    {
      "cluster_id": 1,
      "label": "Medium energy, negative, acoustic",
      "centroid": {
        "valence": 0.25932971014492756,
        "energy": 0.40192971014492757,
        "danceability": 0.4825072463768116,
        "acousticness": 0.5552391304347828,
        "instrumentalness": 0.08893823028985506,
        "tempo_norm": 0.4623753043478261
      }
    },
    {
      "cluster_id": 2,
      "label": "High energy, neutral",
      "centroid": {
        "valence": 0.4936144,
        "energy": 0.7093879999999999,
        "danceability": 0.591084,
        "acousticness": 0.09180628611999997,
        "instrumentalness": 0.01721155723999994,
        "tempo_norm": 0.460923712
      }
    }
  ]
}