{
  "optimal_k": 3,
  "clusters": [
    {
      "cluster_id": 0,
      "label": "High energy, neutral",
      "centroid": {
        "valence": 0.48878871473354235,
        "energy": 0.6966489028213166,
        "danceability": 0.5746739811912226,
        "acousticness": 0.10987479601880873,
        "instrumentalness": 0.018437681473354228,
        "tempo_norm": 0.46505892163009405
      }
    },
    {
      "cluster_id": 1,
      "label": "Low energy, negative, acoustic",
      "centroid": {
        "valence": 0.2533096385542169,
        "energy": 0.37936566265060234,
        "danceability": 0.4843036144578313,
        "acousticness": 0.6201861445783131,
        "instrumentalness": 0.1107947362048193,
        "tempo_norm": 0.476361421686747
      }
    },
    {
      "cluster_id": 2,
      "label": "High energy, negative",
      "centroid": {
        "valence": 0.34608805970149253,
        "energy": 0.716089552238806,
        "danceability": 0.5284925373134328,
        "acousticness": 0.12207806716417915,
        "instrumentalness": 0.7412537313432837,
        "tempo_norm": 0.5105614925373134
      }
    }
  ]
}