{
  "optimal_k": 3,
  "clusters": [
    {
      "cluster_id": 0,
      "label": "High energy, neutral",
      "centroid": {
        "valence": 0.5034161290322581,
        "energy": 0.7068548387096774,
        "danceability": 0.6038548387096774,
        "acousticness": 0.09406372580645161,
        "instrumentalness": 0.024700658709677442,
        "tempo_norm": 0.4414608387096774
      }
    },
    {
      "cluster_id": 1,
      "label": "Low energy, negative, acoustic",
      "centroid": {
        "valence": 0.24297173913043477,
        "energy": 0.39339130434782604,
        "danceability": 0.47132608695652173,
        "acousticness": 0.5137021739130434,
        "instrumentalness": 0.056631449999999986,
        "tempo_norm": 0.4617446956521739
      }
    },
    {
      "cluster_id": 2,
      "label": "High energy, negative",
      "centroid": {
        "valence": 0.29908181818181817,
        "energy": 0.7236818181818182,
        "danceability": 0.5283181818181818,
        "acousticness": 0.1519963227272727,
        "instrumentalness": 0.730909090909091,
        "tempo_norm": 0.5185650909090909
      }
    }
  ]
}