{
  "optimal_k": 3,
  "clusters": [
    {
      "cluster_id": 0,
      "label": "Medium energy, negative, acoustic",
      "centroid": {
        "valence": 0.2469046511627907,
        "energy": 0.4225813953488372,
        "danceability": 0.4777209302325581,
        "acousticness": 0.5015418604651163,
        "instrumentalness": 0.045529334883720934,
        "tempo_norm": 0.46199897674418605
      }
    },
    {
      "cluster_id": 1,
      "label": "High energy, negative",
      "centroid": {
        "valence": 0.32308235294117643,
        "energy": 0.7115294117647059,
        "danceability": 0.5216470588235294,
        "acousticness": 0.16731964705882352,
        "instrumentalness": 0.7462941176470588,
        "tempo_norm": 0.5093143529411764
      }
    },
    {
      "cluster_id": 2,
      "label": "High energy, neutral",
      "centroid": {
        "valence": 0.5137966101694915,
        "energy": 0.7066271186440678,
        "danceability": 0.6068813559322034,
        "acousticness": 0.08743984745762706,
        "instrumentalness": 0.025926944745762723,
        "tempo_norm": 0.44027077966101696
      }
    }
  ]
}