{
  "optimal_k": 3,
  "clusters": [
    {
      "cluster_id": 0,
      "label": "Low energy, negative, acoustic",
      "centroid": {
        "valence": 0.27100769230769234,
        "energy": 0.3983811188811188,
        "danceability": 0.48893006993006993,
        "acousticness": 0.5924888111888111,
        "instrumentalness": 0.09991559356643356,
        "tempo_norm": 0.4714435244755245
      }
    },
    {
      "cluster_id": 1,
      "label": "High energy, neutral",
      "centroid": {
        "valence": 0.4902323741007194,
        "energy": 0.7001762589928058,
        "danceability": 0.5865863309352518,
        "acousticness": 0.0955012058633094,
        "instrumentalness": 0.01886807363309341,
        "tempo_norm": 0.458838964028777
      }
    },
    {
      "cluster_id": 2,
      "label": "High energy, negative",
      "centroid": {
        "valence": 0.34513166666666667,
        "energy": 0.7243666666666667,
        "danceability": 0.5321666666666667,
        "acousticness": 0.1266713683333333,
        "instrumentalness": 0.7594666666666668,
        "tempo_norm": 0.5018996666666666
      }
    }
  ]
}