{
  "optimal_k": 3,
  "clusters": [
    {
      "cluster_id": 0,
      "label": "High energy, neutral",
      "centroid": {
        "valence": 0.5124364864864865,
        "energy": 0.7166216216216217,
        "danceability": 0.6010337837837838,
        "acousticness": 0.08713525675675673,
        "instrumentalness": 0.017226122297297364,
        "tempo_norm": 0.4486778108108108
      }
    },
    {
      "cluster_id": 1,
      "label": "Low energy, negative, acoustic",
      "centroid": {
        "valence": 0.24481794871794868,
        "energy": 0.3996679487179488,
        "danceability": 0.4806923076923077,
        "acousticness": 0.5350807692307693,
        "instrumentalness": 0.07066529871794874,
        "tempo_norm": 0.4532222051282051
      }
    },
    {
      "cluster_id": 2,
      "label": "High energy, negative",
      "centroid": {
        "valence": 0.339525,
        "energy": 0.725125,
        "danceability": 0.5409375,
        "acousticness": 0.159721909375,
        "instrumentalness": 0.7390937500000002,
        "tempo_norm": 0.505527375
      }
    }
  ]
}