{
  "optimal_k": 3,
  "clusters": [
    {
      "cluster_id": 0,
      "label": "High energy, neutral",
      "centroid": {
        "valence": 0.4892826666666667,
        "energy": 0.70936,
        "danceability": 0.5869644444444444,
        "acousticness": 0.09414550902222224,
        "instrumentalness": 0.015570737822222291,
        "tempo_norm": 0.45745408
      }
    },
    {
      "cluster_id": 1,
      "label": "Medium energy, negative, acoustic",
      "centroid": {
        "valence": 0.25323613445378146,
        "energy": 0.4064210084033614,
        "danceability": 0.4782605042016807,
        "acousticness": 0.5307731092436976,
        "instrumentalness": 0.07291960403361344,
        "tempo_norm": 0.4512404033613445
      }
    },
    {
      "cluster_id": 2,
      "label": "High energy, negative",
      "centroid": {
        "valence": 0.3464980769230769,
        "energy": 0.7049230769230769,
        "danceability": 0.5378461538461539,
        "acousticness": 0.15013263653846157,
        "instrumentalness": 0.7445384615384614,
        "tempo_norm": 0.4986909230769231
      }
    }
  ]
}