{
  "optimal_k": 3,
  "clusters": [
    {
      "cluster_id": 0,
      "label": "Low energy, negative, acoustic",
      "centroid": {
        "valence": 0.2375194029850746,
        "energy": 0.3954044776119403,
        "danceability": 0.4690746268656716,
        "acousticness": 0.5299492537313433,
        "instrumentalness": 0.07520373432835825,
        "tempo_norm": 0.45125898507462686
      }
    },
    {
      "cluster_id": 1,
      "label": "High energy, negative",
      "centroid": {
        "valence": 0.3280258064516129,
        "energy": 0.7188064516129031,
        "danceability": 0.5430967741935484,
        "acousticness": 0.16471584193548386,
        "instrumentalness": 0.7355161290322583,
        "tempo_norm": 0.5098334193548387
      }
    },
    {
      "cluster_id": 2,
      "label": "High energy, neutral",
      "centroid": {
        "valence": 0.5021076923076924,
        "energy": 0.7130427350427351,
        "danceability": 0.6007948717948718,
        "acousticness": 0.08973608547008555,
        "instrumentalness": 0.019679239658119643,
        "tempo_norm": 0.4415705982905983
      }
    }
  ]
}