{
  "optimal_k": 3,
  "clusters": [
    {
      "cluster_id": 0,
      "label": "High energy, neutral",
      "centroid": {
        "valence": 0.49944444444444447,
        "energy": 0.6887037037037037,
        "danceability": 0.6186666666666667,
        "acousticness": 0.14503811111111112,
        "instrumentalness": 0.03023434481481481,
        "tempo_norm": 0.4870312592592593
      }
    },
    {
      "cluster_id": 1,
      "label": "Low energy, negative, acoustic",
      "centroid": {
        "valence": 0.22347142857142852,
        "energy": 0.3537857142857143,
        "danceability": 0.47564285714285715,
        "acousticness": 0.6620714285714285,
        "instrumentalness": 0.07551478571428571,
        "tempo_norm": 0.4270191428571429
      }
    },
    {
      "cluster_id": 2,
      "label": "High energy, negative",
      "centroid": {
        "valence": 0.3426666666666667,
        "energy": 0.7086666666666667,
        "danceability": 0.5393333333333333,
        "acousticness": 0.025451666666666706,
        "instrumentalness": 0.8456666666666667,
        "tempo_norm": 0.496024
      }
    }
  ]
}