{
  "optimal_k": 3,
  "clusters": [
    {
      "cluster_id": 0,
      "label": "High energy, neutral",
      "centroid": {
        "valence": 0.4995539325842696,
        "energy": 0.7100898876404494,
        "danceability": 0.5907865168539326,
        "acousticness": 0.09090482882022474,
        "instrumentalness": 0.015859696797752815,
        "tempo_norm": 0.45412103370786516
      }
    },
    {
      "cluster_id": 1,
      "label": "Low energy, negative, acoustic",
      "centroid": {
        "valence": 0.24313510638297878,
        "energy": 0.39599042553191494,
        "danceability": 0.4743404255319149,
        "acousticness": 0.5281808510638297,
        "instrumentalness": 0.0756242263829787,
        "tempo_norm": 0.4495903829787234
      }
    },
    {
      "cluster_id": 2,
      "label": "High energy, negative",
      "centroid": {
        "valence": 0.34393888888888885,
        "energy": 0.7081944444444443,
        "danceability": 0.5443611111111111,
        "acousticness": 0.1734805861111111,
        "instrumentalness": 0.7314722222222222,
        "tempo_norm": 0.5026641111111111
      }
    }
  ]
}