{
  "optimal_k": 3,
  "clusters": [
    {
      "cluster_id": 0,
      "label": "High energy, negative",
      "centroid": {
        "valence": 0.339525,
        "energy": 0.725125,
        "danceability": 0.5409375,
        "acousticness": 0.159721909375,
        "instrumentalness": 0.73909375,
        "tempo_norm": 0.505527375
      }
    },
    {
      "cluster_id": 1,
      "label": "High energy, neutral",
      "centroid": {
        "valence": 0.5148486486486487,
        "energy": 0.7171283783783784,
        "danceability": 0.6016351351351351,
        "acousticness": 0.08468936168918914,
        "instrumentalness": 0.017262939189189197,
        "tempo_norm": 0.4484578648648649
      }
    },
    {
      "cluster_id": 2,
      "label": "Medium energy, negative, acoustic",
      "centroid": {
        "valence": 0.24285999999999996,
        "energy": 0.40453874999999995,
        "danceability": 0.47773750000000004,
        "acousticness": 0.52695,
        "instrumentalness": 0.06894380500000002,
        "tempo_norm": 0.45136835
      }
    }
  ]
}