{
  "optimal_k": 3,
  "clusters": [
    {
      "cluster_id": 0,
      "label": "High energy, neutral",
      "centroid": {
        "valence": 0.5067133333333333,
        "energy": 0.7061666666666667,
        "danceability": 0.6057333333333333,
        "acousticness": 0.08916584999999996,
        "instrumentalness": 0.02552399566666662,
        "tempo_norm": 0.4410656
      }
    },
    {
      "cluster_id": 1,
      "label": "Medium energy, negative, acoustic",
      "centroid": {
        "valence": 0.2528395348837209,
        "energy": 0.4093488372093023,
        "danceability": 0.4813953488372093,
        "acousticness": 0.5143325581395348,
        "instrumentalness": 0.0454894837209302,
        "tempo_norm": 0.4639986976744186
      }
    },
    {
      "cluster_id": 2,
      "label": "High energy, negative",
      "centroid": {
        "valence": 0.3230823529411765,
        "energy": 0.7115294117647059,
        "danceability": 0.5216470588235294,
        "acousticness": 0.16731964705882352,
        "instrumentalness": 0.7462941176470589,
        "tempo_norm": 0.5093143529411764
      }
    }
  ]
}