{
  "optimal_k": 3,
  "clusters": [
    {
      "cluster_id": 0,
      "label": "High energy, neutral",
      "centroid": {
        "valence": 0.48727905405405403,
        "energy": 0.6939662162162162,
        "danceability": 0.5779966216216217,
        "acousticness": 0.10816055820945944,
        "instrumentalness": 0.017912070844594646,
        "tempo_norm": 0.46111414864864864
      }
    },
    {
      "cluster_id": 1,
      "label": "Low energy, negative, acoustic",
      "centroid": {
        "valence": 0.2525753424657534,
        "energy": 0.3809417808219179,
        "danceability": 0.4911506849315068,
        "acousticness": 0.6090883561643835,
        "instrumentalness": 0.09747237684931506,
        "tempo_norm": 0.4738073424657534
      }
    },
    {
      "cluster_id": 2,
      "label": "High energy, negative",
      "centroid": {
        "valence": 0.3477712121212121,
        "energy": 0.7126666666666667,
        "danceability": 0.5388484848484848,
        "acousticness": 0.13266169848484846,
        "instrumentalness": 0.7377575757575757,
        "tempo_norm": 0.5072698787878788
      }
    }
  ]
}