{
  "optimal_k": 4,
  "clusters": [
    {
      "cluster_id": 0,
      "label": "High energy, negative",
      "centroid": {
        "valence": 0.2507142857142857,
        "energy": 0.7175714285714285,
        "danceability": 0.5087142857142857,
        "acousticness": 0.22400000000000003,
        "instrumentalness": 0.795142857142857,
        "tempo_norm": 0.5036994285714286
      }
    },
    {
      "cluster_id": 1,
      "label": "High energy, positive",
      "centroid": {
        "valence": 0.6708000000000001,
        "energy": 0.7164,
        "danceability": 0.7114,
        "acousticness": 0.09758559999999998,
        "instrumentalness": 0.019096762000000045,
        "tempo_norm": 0.45449296
      }
    },
    {
      "cluster_id": 2,
      "label": "High energy, negative",
      "centroid": {
        "valence": 0.21920000000000003,
        "energy": 0.6017857142857143,
        "danceability": 0.5103571428571428,
        "acousticness": 0.1429942857142857,
        "instrumentalness": 0.028352571428571435,
        "tempo_norm": 0.4935534285714286
      }
    },
    {
      "cluster_id": 3,
      "label": "Medium energy, negative, acoustic",
      "centroid": {
        "valence": 0.35960000000000003,
        "energy": 0.4888,
        "danceability": 0.5234,
        "acousticness": 0.663,
        "instrumentalness": 0.00043007999999999935,
        "tempo_norm": 0.5222808
      }
    }
  ]
}