{
  "optimal_k": 3,
  "clusters": [
    {
      "cluster_id": 0,
      "label": "High energy, negative",
      "centroid": {
        "valence": 0.343572131147541,
        "energy": 0.7173114754098361,
        "danceability": 0.5369344262295082,
        "acousticness": 0.13965380491803278,
        "instrumentalness": 0.7507049180327869,
        "tempo_norm": 0.5031868852459016
      }
    },
    {
      "cluster_id": 1,
      "label": "High energy, neutral",
      "centroid": {
        "valence": 0.4859210300429185,
        "energy": 0.7113733905579399,
        "danceability": 0.5882145922746781,
        "acousticness": 0.0935960924034335,
        "instrumentalness": 0.01577527600858375,
        "tempo_norm": 0.45781625751072963
      }
    },
    {
      "cluster_id": 2,
      "label": "Medium energy, negative, acoustic",
      "centroid": {
        "valence": 0.2551319672131147,
        "energy": 0.4029352459016393,
        "danceability": 0.47875409836065574,
        "acousticness": 0.5392950819672131,
        "instrumentalness": 0.07864592524590165,
        "tempo_norm": 0.45273304918032786
      }
    }
  ]
}