{
  "optimal_k": 3,
  "clusters": [
    {
      "cluster_id": 0,
      "label": "High energy, neutral",
      "centroid": {
        "valence": 0.5082541666666667,
        "energy": 0.719548611111111,
        "danceability": 0.5972777777777778,
        "acousticness": 0.08699665277777777,
        "instrumentalness": 0.01764727895833336,
        "tempo_norm": 0.44824975
      }
    },
    {
      "cluster_id": 1,
      "label": "High energy, negative",
      "centroid": {
        "valence": 0.33952499999999997,
        "energy": 0.725125,
        "danceability": 0.5409375,
        "acousticness": 0.15972190937500003,
        "instrumentalness": 0.73909375,
        "tempo_norm": 0.505527375
      }
    },
    {
      "cluster_id": 2,
      "label": "Low energy, negative, acoustic",
      "centroid": {
        "valence": 0.24347499999999997,
        "energy": 0.3983828947368421,
        "danceability": 0.4800921052631579,
        "acousticness": 0.5322407894736843,
        "instrumentalness": 0.06689288157894736,
        "tempo_norm": 0.4556317894736842
      }
    }
  ]
}