{
  "optimal_k": 3,
  "clusters": [
    {
      "cluster_id": 0,
      "label": "High energy, neutral",
      "centroid": {
        "valence": 0.514,
        "energy": 0.7153928571428572,
        "danceability": 0.6451071428571429,
        "acousticness": 0.10887317857142861,
        "instrumentalness": 0.020352903928571406,
        "tempo_norm": 0.4874415714285714
      }
    },
    {
      "cluster_id": 1,
      "label": "Low energy, negative, acoustic",
      "centroid": {
        "valence": 0.2744526315789474,
        "energy": 0.372578947368421,
        "danceability": 0.46942105263157896,
        "acousticness": 0.5999473684210527,
        "instrumentalness": 0.062063526315789486,
        "tempo_norm": 0.43345326315789473
      }
    },
    {
      "cluster_id": 2,
      "label": "High energy, negative",
      "centroid": {
        "valence": 0.2667142857142857,
        "energy": 0.7467142857142857,
        "danceability": 0.5268571428571429,
        "acousticness": 0.1001064285714286,
        "instrumentalness": 0.7187142857142859,
        "tempo_norm": 0.5007457142857143
      }
    }
  ]
}