{
  "optimal_k": 3,
  "clusters": [
    {
      "cluster_id": 0,
      "label": "High energy, negative",
      "centroid": {
        "valence": 0.36165263157894734,
        "energy": 0.7096315789473684,
        "danceability": 0.5459473684210526,
        "acousticness": 0.16942371315789478,
        "instrumentalness": 0.7390000000000001,
        "tempo_norm": 0.5009472631578947
      }
    },
    {
      "cluster_id": 1,
      "label": "High energy, neutral",
      "centroid": {
        "valence": 0.5163351351351351,
        "energy": 0.7108216216216217,
        "danceability": 0.5967567567567568,
        "acousticness": 0.08891026772972979,
        "instrumentalness": 0.015344570108108052,
        "tempo_norm": 0.46111932972972974
      }
    },
    {
      "cluster_id": 2,
      "label": "Medium energy, negative",
      "centroid": {
        "valence": 0.23995701754385976,
        "energy": 0.4239570175438596,
        "danceability": 0.4749561403508772,
        "acousticness": 0.4957964912280702,
        "instrumentalness": 0.06455669807017544,
        "tempo_norm": 0.45084922807017547
      }
    }
  ]
}