{
  "optimal_k": 3,
  "clusters": [
    {
      "cluster_id": 0,
      "label": "Low energy, negative, acoustic",
      "centroid": {
        "valence": 0.2408740740740741,
        "energy": 0.3991851851851852,
        "danceability": 0.46194444444444444,
        "acousticness": 0.5145851851851853,
        "instrumentalness": 0.06465700555555559,
        "tempo_norm": 0.45179844444444445
      }
    },
    {
      "cluster_id": 1,
      "label": "High energy, negative",
      "centroid": {
        "valence": 0.30795,
        "energy": 0.7245416666666666,
        "danceability": 0.532125,
        "acousticness": 0.15236629583333333,
        "instrumentalness": 0.7418333333333333,
        "tempo_norm": 0.5113291666666666
      }
    },
    {
      "cluster_id": 2,
      "label": "High energy, neutral",
      "centroid": {
        "valence": 0.5174419753086419,
        "energy": 0.7148641975308643,
        "danceability": 0.6185925925925926,
        "acousticness": 0.09157383950617282,
        "instrumentalness": 0.021301755061728475,
        "tempo_norm": 0.4435262716049383
      }
    }
  ]
}