{
  "optimal_k": 3,
  "clusters": [
    {
      "cluster_id": 0,
      "label": "Medium energy, negative",
      "centroid": {
        "valence": 0.2388109090909091,
        "energy": 0.41958181818181817,
        "danceability": 0.4649272727272727,
        "acousticness": 0.47501272727272725,
        "instrumentalness": 0.06316216545454548,
        "tempo_norm": 0.4640123636363636
      }
    },
    {
      "cluster_id": 1,
      "label": "High energy, neutral",
      "centroid": {
        "valence": 0.5486865671641792,
        "energy": 0.718820895522388,
        "danceability": 0.6362537313432836,
        "acousticness": 0.08446001492537317,
        "instrumentalness": 0.023187082686567162,
        "tempo_norm": 0.43870268656716416
      }
    },
    {
      "cluster_id": 2,
      "label": "High energy, negative",
      "centroid": {
        "valence": 0.297295652173913,
        "energy": 0.7309130434782609,
        "danceability": 0.5264347826086957,
        "acousticness": 0.14542570000000002,
        "instrumentalness": 0.734695652173913,
        "tempo_norm": 0.5184328695652174
      }
    }
  ]
}