{
  "optimal_k": 3,
  "clusters": [
    {
      "cluster_id": 0,
      "label": "Medium energy, negative, acoustic",
      "centroid": {
        "valence": 0.25381826086956516,
        "energy": 0.4073139130434783,
        "danceability": 0.47881739130434786,
        "acousticness": 0.5336260869565217,
        "instrumentalness": 0.07439438765217393,
        "tempo_norm": 0.4491345391304348
      }
    },
    {
      "cluster_id": 1,
      "label": "High energy, neutral",
      "centroid": {
        "valence": 0.4917388888888889,
        "energy": 0.7078101851851851,
        "danceability": 0.585087962962963,
        "acousticness": 0.09506897930555555,
        "instrumentalness": 0.016050062546296387,
        "tempo_norm": 0.4559378148148148
      }
    },
    {
      "cluster_id": 2,
      "label": "High energy, negative",
      "centroid": {
        "valence": 0.3686933333333333,
        "energy": 0.6961999999999999,
        "danceability": 0.5483333333333333,
        "acousticness": 0.17293535777777777,
        "instrumentalness": 0.738688888888889,
        "tempo_norm": 0.4983017777777778
      }
    }
  ]
}