{
  "optimal_k": 3,
  "clusters": [
    {
      "cluster_id": 0,
      "label": "High energy, neutral",
      "centroid": {
        "valence": 0.49201506276150625,
        "energy": 0.7112092050209204,
        "danceability": 0.588531380753138,
        "acousticness": 0.09353970514644355,
        "instrumentalness": 0.016515938535564934,
        "tempo_norm": 0.4599678828451883
      }
    },
    {
      "cluster_id": 1,
      "label": "High energy, negative",
      "centroid": {
        "valence": 0.34865967741935483,
        "energy": 0.7173064516129033,
        "danceability": 0.5376935483870968,
        "acousticness": 0.13771422741935485,
        "instrumentalness": 0.7507903225806453,
        "tempo_norm": 0.5041052258064516
      }
    },
    {
      "cluster_id": 2,
      "label": "Medium energy, negative, acoustic",
      "centroid": {
        "valence": 0.25919777777777775,
        "energy": 0.4001429629629629,
        "danceability": 0.4807851851851852,
        "acousticness": 0.5575555555555555,
        "instrumentalness": 0.08786972133333332,
        "tempo_norm": 0.4615396740740741
      }
    }
  ]
}